{"cameraMode":{"drawMode":0,"name":"Shaded","section":"Shading Mode"},"sceneLighting":true,"audioPlay":false,"sceneViewState":{"m_AlwaysRefresh":false,"showFog":true,"showSkybox":true,"showFlares":true,"showImageEffects":true,"showParticleSystems":true,"showVisualEffectGraphs":true,"m_FxEnabled":true},"in2DMode":false,"pivot":{"x":-22.61867904663086,"y":12.002742767333985,"z":-31.445892333984376},"rotation":{"x":-0.2762027680873871,"y":-0.35290712118148806,"z":0.10986517369747162,"w":-0.8871949911117554},"size":37.450801849365237,"orthographic":false}